Metric,Value
loss,0.35831528902053833
accuracy,0.8440170884132385
auc,0.9319344758987427
