Metric,Value
loss,0.4243007004261017
accuracy,0.8910256624221802
auc,0.9526010155677795
