Metric,Value
loss,0.5235689282417297
accuracy,0.9259259104728699
auc,0.9470797777175903
