Metric,Value
loss,0.4295218884944916
accuracy,0.9432098865509033
auc,0.9606522917747498
